383498,Deadpool 2
402900,Ocean's Eight
466282,To All the Boys I've Loved Before
363088,Ant-Man and the Wasp
454983,The Kissing Booth
455980,Tag
523873,Kung Fu League
293660,Deadpool
283995,Guardians of the Galaxy Vol. 2
177572,Big Hero 6
487558,BlacKkKlansman
150540,Inside Out
159824,Hotel Transylvania 2
455207,Crazy Rich Asians
400155,Hotel Transylvania 3: Summer Vacation
98566,Teenage Mutant Ninja Turtles
420814,Christopher Robin
269149,Zootopia
445571,Game Night
808,Shrek
20352,Despicable Me
455656,#RealityHigh
456086,Support the Girls
454992,The Spy Who Dumped Me
458423,Mamma Mia! Here We Go Again
449176,"Love, Simon"
291805,Now You See Me 2
460668,I Feel Pretty
538604,The After Party
412988,The Happytime Murders
207703,Kingsman: The Secret Service
502682,Book Club
181533,Night at the Museum: Secret of the Tomb
507562,Crayon Shin-chan: Burst Serving! Kung Fu Boys ~Ramen Rebellion~
437557,Blockers
166426,Pirates of the Caribbean: Dead Men Tell No Tales
425,Ice Age
10193,Toy Story 3
14160,Up
399174,Isle of Dogs
335797,Sing
353486,Jumanji: Welcome to the Jungle
2062,Ratatouille
920,Cars
194662,Birdman
339846,Baywatch
106646,The Wolf of Wall Street
254470,Pitch Perfect 2
270946,Penguins of Madagascar
390043,The Hitman's Bodyguard
218746,Young Mother
384677,Set It Up
18785,The Hangover
585,"Monsters, Inc."
454619,Overboard
541696,O Candidato Honesto 2
350,The Devil Wears Prada
503619,The Package
809,Shrek 2
257344,Pixels
93456,Despicable Me 2
472918,Wiro Sableng: 212 Warrior
11631,Mamma Mia!
608,Men in Black II
118,Charlie and the Chocolate Factory
76492,Hotel Transylvania
260514,Cars 3
499572,The Flip Side
454283,Action Point
62177,Brave
324852,Despicable Me 3
950,Ice Age: The Meltdown
49013,Cars 2
43074,Ghostbusters
127380,Finding Dory
278154,Ice Age: Collision Course
19913,(500) Days of Summer
268531,Captain Underpants: The First Epic Movie
9502,Kung Fu Panda
1593,Night at the Museum
200727,"Love, Rosie"
88751,Journey to the Center of the Earth
485880,Safari: Match Me If You Can
313369,La La Land
399170,Logan Lucky
137106,The Lego Movie
194,Amélie
391713,Lady Bird
787,Mr. & Mrs. Smith
10625,Mean Girls
18360,Night at the Museum: Battle of the Smithsonian
262391,Serial (Bad) Weddings
400579,Tully
77338,The Intouchables
399796,Life of the Party
414919,Hart Beat
140300,Kung Fu Panda 3
10192,Shrek Forever After
225886,Sex Tape
57800,Ice Age: Continental Drift
227159,Horrible Bosses 2
523849,The Last Sharknado: It's About Time
8355,Ice Age: Dawn of the Dinosaurs
434355,Taxi 5
490004,Arizona
122906,About Time
4247,Scary Movie
82702,How to Train Your Dragon 2
376659,Bad Moms
10527,Madagascar: Escape 2 Africa
112160,Sexual Chronicles of a French Family
82690,Wreck-It Ralph
2770,American Pie 2
271718,Trainwreck
224141,Into the Woods
536429,Shailaja Reddy Alludu
474335,Uncle Drew
109439,The Hangover Part III
324849,The Lego Batman Movie
301337,Downsizing
4523,Enchanted
223702,Sausage Party
214756,Ted 2
4327,Charlie's Angels
517324,Yucatán
370567,Sherlock Gnomes
320846,Sky Sharks
256961,Paul Blart: Mall Cop 2
1824,50 First Dates
261392,American Ultra
290250,The Nice Guys
8584,Shanghai Noon
138832,We're the Millers
9486,Johnny English
364689,Ferdinand
49519,The Croods
89492,This Is 40
46195,Rio
13053,Bolt
203801,The Man from U.N.C.L.E.
37735,Easy A
810,Shrek the Third
511785,Alex Strangelove
16996,17 Again
95610,Bridget Jones's Baby
37834,Knight and Day
510475,Bonhomme
41630,No Strings Attached
11688,The Emperor's New Groove
381341,Perfect Strangers
114150,Pitch Perfect
337170,American Made
171274,Inherent Vice
22538,Scott Pilgrim vs. the World
50544,Friends with Benefits
35,The Simpsons Movie
210860,Mortdecai
45243,The Hangover Part II
5966,Along Came Polly
4256,Scary Movie 3
272693,The DUFF
489925,Eighth Grade
80321,Madagascar 3: Europe's Most Wanted
72105,Ted
512703,Opa wird Papa
137116,Smurfs: The Lost Village
354861,Father Figures
62213,Dark Shadows
50646,"Crazy, Stupid, Love."
446894,Smallfoot
418827,Sister's Younger Husband
136799,Trolls
187017,22 Jump Street
116149,Paddington
71552,American Reunion
463053,Ibiza
353616,Pitch Perfect 3
249635,Seven Street Fighters
11024,Scooby-Doo 2: Monsters Unleashed
274167,Daddy's Home
387592,Early Man
634,Bridget Jones's Diary
339404,The Layover
27022,The Sorcerer's Apprentice
6957,The 40 Year Old Virgin
1597,Meet the Parents
310,Bruce Almighty
196867,Annie
340022,Gringo
296099,Vacation
542436,Bikini Valley Car Wash
4638,Hot Fuzz
8273,American Wedding
456165,Family Is Family
51540,Horrible Bosses
490214,Iceman 2
342473,Ballerina
518452,Like Father
153518,The Angry Birds Movie
371638,The Disaster Artist
228326,The Book of Life
65057,The Descendants
22794,Cloudy with a Chance of Meatballs
87567,The Big Wedding
2018,The Wedding Planner
425148,Show Dogs
82693,Silver Linings Playbook
50022,Super Troopers 2
120467,The Grand Budapest Hotel
508,Love Actually
11283,Nanny McPhee
433310,When We First Met
38055,Megamind
9880,The Princess Diaries
168530,Ride Along
100042,Dumb and Dumber To
10661,You Don't Mess with the Zohan
277547,Playing It Cool
11172,Music and Lyrics
109451,Cloudy with a Chance of Meatballs 2
41154,Men in Black 3
238713,Spy
136400,2 Guns
14306,Marley & Me
50546,Just Go with It
329833,Zoolander 2
747,Shaun of the Dead
531949,Father of the Year
252838,The Wedding Ringer
76493,The Dictator
44896,Rango
4248,Scary Movie 2
538667,The Roundup
77930,Magic Mike
402897,The Death of Stalin
10189,Pineapple Express
7443,Chicken Run
59436,Midnight in Paris
516810,Wir lieben das Leben
308531,Teenage Mutant Ninja Turtles: Out of the Shadows
52449,Bad Teacher
228967,The Interview
517358,Eine Hochzeit platzt selten allein
693,Meet the Fockers
257445,Goosebumps
64688,21 Jump Street
291870,Dirty Grandpa
378236,The Emoji Movie
375107,Duck Duck Goose
286554,Two Night Stand
10204,Around the World in 80 Days
10555,Shark Tale
452773,Tad the Lost Explorer and the Secret of King Midas
302699,Central Intelligence
338768,Please Stand By
20256,The Bodyguard
10201,Yes Man
13649,High School Musical 2
1267,Meet the Robinsons
59962,This Means War
507143,Candy Jar
11430,The Lion King 1½
6477,Alvin and the Chipmunks
332210,Storks
3981,What Women Want
474125,The Golden Monk
4258,Scary Movie 5
10947,High School Musical
34544,The A-Team
11887,High School Musical 3: Senior Year
7453,The Hitchhiker's Guide to the Galaxy
503321,Meine Oma spinnt
9928,Robots
19908,Zombieland
10330,Freaky Friday
503314,Dragon Ball Super: Broly
9471,Charlie's Angels: Full Throttle
594,The Terminal
9982,Chicken Little
62764,Mirror Mirror
258509,Alvin and the Chipmunks: The Road Chip
9023,Spirit: Stallion of the Cimarron
517061,Weiser
138697,Don Jon
370755,Paterson
5559,Bee Movie
274479,Joy
436931,Pokémon the Movie: I Choose You!
9870,Forgetting Sarah Marshall
407655,A Cinderella Story: If the Shoe Fits
11774,Lemony Snicket's A Series of Unfortunate Events
39513,Paul
10096,13 Going on 30
369192,Battle of the Sexes
2899,Asterix & Obelix: Mission Cleopatra
12153,White Chicks
58233,Johnny English Reborn
325133,Neighbors 2: Sorority Rising
512180,Yamla Pagla Deewana: Phir Se
9339,Click
